{"cameraMode":{"drawMode":0,"name":"Shaded","section":"Shading Mode"},"sceneLighting":false,"audioPlay":false,"sceneViewState":{"showFog":true,"showMaterialUpdate":false,"showSkybox":true,"showFlares":true,"showImageEffects":true,"showParticleSystems":true},"in2DMode":false,"pivot":{"x":-1.8961100578308106,"y":2.1158366203308107,"z":-0.04029369354248047},"rotation":{"x":-0.05717092379927635,"y":-0.6617129445075989,"z":0.050715215504169467,"w":-0.7458525896072388},"size":-13333.0830078125,"orthographic":false}