{"cameraMode":{"drawMode":0,"name":"Shaded","section":"Shading Mode"},"sceneLighting":true,"audioPlay":false,"sceneViewState":{"showFog":true,"showMaterialUpdate":false,"showSkybox":true,"showFlares":true,"showImageEffects":true,"showParticleSystems":true},"in2DMode":false,"pivot":{"x":1.094285249710083,"y":2.686673164367676,"z":-1.7232805490493775},"rotation":{"x":0.37184709310531618,"y":0.0005577639676630497,"z":-0.000218475324800238,"w":0.9282938241958618},"size":11.457387924194336,"orthographic":false}