{"cameraMode":{"drawMode":0,"name":"Shaded","section":"Shading Mode"},"sceneLighting":true,"audioPlay":false,"sceneViewState":{"showFog":true,"showMaterialUpdate":false,"showSkybox":true,"showFlares":true,"showImageEffects":true,"showParticleSystems":true},"in2DMode":false,"pivot":{"x":8.032723426818848,"y":-3.3685779571533205,"z":-5.864688873291016},"rotation":{"x":0.4686717689037323,"y":0.40930867195129397,"z":-0.2597538232803345,"w":0.7384855151176453},"size":23.63399314880371,"orthographic":false}